Номер_группы;Название_группы;Название_группы_укр;Идентификатор_группы;Номер_родителя;Ссылка_изображения_группы
72958748;Уход за кожей лица;Догляд за шкірою обличчя;;136052440;https://images.prom.ua/2134598536_uhod-za-kozhej.jpg
72958753;Средства для мытья и ухода за волосами;Засоби для миття й догляду за волоссям;;136052440;https://images.prom.ua/2134607529_sredstva-dlya-mytya.jpg
72958754;Наборы косметики;Набори косметики;;136052440;https://images.prom.ua/2134816902_nabory-kosmetiki.jpg
72958756;Средства по уходу за телом;Засоби з догляду за тілом;;136052440;https://images.prom.ua/2134640114_sredstva-po-uhodu.jpg
75756600;Аксессуары для спорта;Аксесуари для спорту;;136052686;https://images.prom.ua/2136120997_aksessuary-dlya-sporta.jpg
75756682;Аминокислоты;Амінокислоти;;136052686;https://images.prom.ua/2136024862_aminokisloty.jpg
75756786;Предтренировочные комплексы;Передтренувальні комплекси;;136052686;https://images.prom.ua/2136149512_predtrenirovochnye-kompleksy.jpg
75757867;Креатин;Креатин;;136052686;https://images.prom.ua/2136023121_kreatin.jpg
75771810;Протеин;Протеїн;;136052686;https://images.prom.ua/2136026578_protein.jpg
75773278;Гейнеры;Гейнери;;136052686;https://images.prom.ua/2136020338_gejnery.jpg
79059000;Сывороточный протеин;Сироватковий протеїн;;75771810;https://images.prom.ua/3229379173_syvorotochnyj-protein.jpg
79059054;Изолят протеина;Ізолят протеїну;;75771810;https://images.prom.ua/6061705385_izolyat-proteina.jpg
79059212;Соевый протеин;Соєвий протеїн;;75771810;https://images.prom.ua/3229383167_soevyj-protein.jpg
79060849;Растительный протеин;Рослинний протеїн;;75771810;https://images.prom.ua/3229388690_rastitelnyj-protein.jpg
79060915;Гороховый;Гороховий;;75771810;https://images.prom.ua/6167713042_gorohovyj.jpg
79060920;Мицеллярный казеин;Міцелярний казеїн;;75771810;https://images.prom.ua/3229402711_mitsellyarnyj-kazein.jpg
79061769;Аргинин;Аргінін;;75756682;https://images.prom.ua/3229461178_arginin.jpg
79061800;Глютамин;Глютамін;;75756682;https://images.prom.ua/3229458424_glyutamin.jpg
79061802;Аминокислотные комплексы;Амінокислотні комплекси;;75756682;https://images.prom.ua/3229469471_aminokislotnye-kompleksy.jpg
79064198;Специализированные аминокислоты;Спеціалізовані амінокислоти;;75756682;https://images.prom.ua/3229474268_spetsializirovannye-aminokisloty.jpg
79065884;ВСАА;ВСАА;;75756682;https://images.prom.ua/2136029270_vsaa.jpg
79065968;Витамины и минералы для спорта;Вітаміни та мінерали для спорту;;136052686;https://images.prom.ua/2136036353_vitaminy-i-mineraly.jpg
81100566;Минералы для спорта;Мінерали для спорту;;79065968;https://images.prom.ua/3229479389_mineraly-dlya-sporta.jpg
81104542;Глюкозамин;Глюкозамін;;81301367;https://images.prom.ua/6061705256_glyukozamin.jpg
81104551;Метилсульфонилметан (MSM);Метилсульфонілметан (MSM);;81301367;https://images.prom.ua/3229496048_metilsulfonilmetan-msm.jpg
81105703;Жиросжигатели;Жироспалювачі;;136052686;https://images.prom.ua/2136148633_zhiroszhigateli.jpg
81105743;L-карнитин;L-карнітин;;81105703;https://images.prom.ua/3229503125_l-karnitin.jpg
81105809;CLA;CLA;;81105703;https://images.prom.ua/3229507442_cla.jpg
81105810;Комплексные жиросжигатели;Комплексні жироспалювачі;;81105703;https://images.prom.ua/3229509947_kompleksnye-zhiroszhigateli.jpg
81148319;Протеиновые батончики;Протеїнові батончики;;81148530;https://images.prom.ua/2136162243_proteinovye-batonchiki.jpg
81148480;Трибулус;Трибулус;;136052690;https://images.prom.ua/3229513004_tribulus.jpg
81148518;Тестостероновые бустеры;Тестостеронові бустери;;136052690;https://images.prom.ua/3229515483_testosteronovye-bustery.jpg
81148522;ZMA;ZMA;;136052690;https://images.prom.ua/3229521656_zma.jpg
81148523;Препараты для восстановления;Препарати для відновлення після тренування;;136052686;https://images.prom.ua/2136151920_preparaty-dlya-vosstanovleniya.jpg
81148525;Мелатонин;Мелатонін;;81304333;https://images.prom.ua/3229524565_melatonin.jpg
81148526;ГАМК (GABA);ГАМК (GABA);;81304217;https://images.prom.ua/3229525713_gamk-gaba.jpg
81148528;Триптофан;Триптофан;;81148523;https://images.prom.ua/3229531551_triptofan.jpg
81148530;Заменители питания;Замінники харчування;;136052686;https://images.prom.ua/2136153189_zameniteli-pitaniya.jpg
81148946;Мультивитамины;Мультивітаміни;;136052057;https://images.prom.ua/2133418263_multivitaminy.jpg
81148962;Мультивитамины без железа;Мультивітаміни без заліза;;81148946;https://images.prom.ua/3228972197_multivitaminy-bez-zheleza.jpg
81148963;Мультивитамины и минералы;Мультивітаміни та мінерали;;81148946;https://images.prom.ua/3228969116_multivitaminy-i-mineraly.jpg
81148965;Жевательные мультивитамины;Жувальні мультивітаміни;;81148946;https://images.prom.ua/3228965921_zhevatelnye-multivitaminy.jpg
81148969;Alive витамины;Alive вітаміни;;81148946;https://images.prom.ua/3228962904_alive-vitaminy.jpg
81148976;Витамины для детей;Вітаміни для дітей;;136052057;https://images.prom.ua/2133416204_vitaminy-dlya-detej.jpg
81148978;Витамины для грудничков;Вітаміни для немовлят;;81148976;https://images.prom.ua/3228979715_vitaminy-dlya-grudnichkov.jpg
81149001;Витамины для подростков;Вітаміни для підлітків;;81148976;https://images.prom.ua/3228986327_vitaminy-dlya-podrostkov.jpg
81149040;Витамины для мужчин;Вітаміни для чоловіків;;136052057;https://images.prom.ua/2133427674_vitaminy-dlya-muzhchin.jpg
81149041;Спортивные витамины для мужчин;Спортивні вітаміни для чоловіків;;81149040;https://images.prom.ua/6167720636_sportivnye-vitaminy-dlya.jpg
81149094;Витамины для мужчин после 40;Вітаміни для чоловіків після 40;;81149040;https://images.prom.ua/3228989212_vitaminy-dlya-muzhchin.jpg
81149096;Витамины для потенции;Вітаміни для потенції;;81149040;https://images.prom.ua/3228991816_vitaminy-dlya-potentsii.jpg
81149097;Витамины при простатите;Вітаміни під час простати;;81149040;https://images.prom.ua/6167720753_vitaminy-pri-prostatite.jpg
81149443;Витаминные комплексы для мужчин;Вітамінні комплекси для чоловіків;;81149040;https://images.prom.ua/3228995553_vitaminnye-kompleksy-dlya.jpg
81149480;Витамины для женщин;Вітаміни для жінок;;136052057;https://images.prom.ua/2133432862_vitaminy-dlya-zhenschin.jpg
81149489;Витамины для женщин после 30;Вітаміни для жінок після 30;;81149480;https://images.prom.ua/3229004266_vitaminy-dlya-zhenschin.jpg
81149493;Витамины для женщин после 50;Вітаміни для жінок після 50;;81149480;https://images.prom.ua/6193119515_vitaminy-dlya-zhenschin.jpg
81149531;Витамины для женщин после 40;Вітаміни для жінок після 40;;81149480;https://images.prom.ua/3890397725_vitaminy-dlya-zhenschin.jpg
81149534;Комплекс витаминов для женщин;Комплекс вітамінів для жінок;;81149480;https://images.prom.ua/3229006633_kompleks-vitaminov-dlya.jpg
81149539;Витамины для беременных и кормящих;Вітаміни для вагітних і жінок, які годують груддю;;81149480;https://images.prom.ua/2133436213_vitaminy-dlya-beremennyh.jpg
81149642;Витамины для вегетарианцев;Вітаміни для вегетаріанців;;136052057;https://images.prom.ua/2133438991_vitaminy-dlya-vegetariantsev.jpg
81149986;Витамины для энергии;Вітаміни для енергії;;136052057;https://images.prom.ua/2133443372_vitaminy-dlya-energii.jpg
81149989;Витамины А;Вітаміни А;;136052057;https://images.prom.ua/2133457289_vitaminy-a.jpg
81149997;Витамин А ретинол;Вітамін А ретинол;;81149989;https://images.prom.ua/3229019009_vitamin-a-retinol.jpg
81150000;Витаминные комплексы A D E;Вітамінні комплекси A D E;;81149989;https://images.prom.ua/6167720863_vitaminnye-kompleksy-a.jpg
81150100;Витамины В;Вітаміни В;;136052057;https://images.prom.ua/2133460857_vitaminy-v.jpg
81150101;Витамин В1 (Тиамин);Вітамін В1 (Тіамін);;81150100;https://images.prom.ua/3229020977_vitamin-v1-tiamin.jpg
81150106;Витамин В2 (Рибофлавин);Вітамін В2 (Рибофлавін);;81150100;https://images.prom.ua/3229022655_vitamin-v2-riboflavin.jpg
81150108;Витамин В3;Вітамін В3;;81150100;https://images.prom.ua/3229023851_vitamin-v3.jpg
81150111;Холин (Витамин В4);Холін (Вітамін В4);;81150100;https://images.prom.ua/3229025365_holin-vitamin-v4.jpg
81150112;Витамин В5 (Пантотеновая кислота);Вітамін В5 (Пантотенова кислота);;81150100;https://images.prom.ua/3229027579_vitamin-v5-pantotenovaya.jpg
81150115;Витамин В6 (Пиридоксин);Вітамін В6 (Піридоксин);;81150100;https://images.prom.ua/3229028639_vitamin-v6-piridoksin.jpg
81150117;Фолиевая кислота (витамин B9);Фолієва кислота (вітамін В9);;81150100;https://images.prom.ua/3229030881_folievaya-kislota-vitamin.jpg
81150120;Витамин В12;Вітамін В12;;81150100;https://images.prom.ua/3229032692_vitamin-v12.jpg
81150122;Коэнзимный витамин В;Коензимний вітамін В;;81150100;https://images.prom.ua/3229036244_koenzimnyj-vitamin-v.jpg
81150124;Комплекс витаминов группы В;Комплекс вітамінів групи B;;81150100;https://images.prom.ua/3229037823_kompleks-vitaminov-gruppy.jpg
81150201;Витамины D;Вітаміни D;;136052057;https://images.prom.ua/2133464898_vitaminy-d.jpg
81150472;Витамин D для взрослых;Вітамін D для дорослих;;81150201;https://images.prom.ua/3229043190_vitamin-d-dlya.jpg
81150473;Масляный витамин D;Масляний вітамін D;;81150201;https://images.prom.ua/3229048720_maslyanyj-vitamin-d.jpg
81150476;Кальций и витамин D;Кальцій і вітамін D;;81150201;https://images.prom.ua/3229050157_kaltsij-i-vitamin.jpg
81150477;Витамин D3 + К2;Вітамін D3 + К2;;81150201;https://images.prom.ua/3229054419_vitamin-d3-.jpg
81150479;Витамин E;Вітамін E;;136052057;https://images.prom.ua/2133466780_vitamin-e.jpg
81150481;Токоферол;Токоферол;;81150479;https://images.prom.ua/3229056894_tokoferol.jpg
81150489;Витамин K;Вітамін K;;136052057;https://images.prom.ua/2133469765_vitamin-k.jpg
81160304;Бор;Препарати бору;;136052057;https://images.prom.ua/6167721777_bor.jpg
81160308;Железо;Залізо;;136052057;https://images.prom.ua/6167720511_zhelezo.jpg
81160312;Йод;Йод;;136052057;https://images.prom.ua/6167721100_jod.jpg
81160398;Калий;Препарати калію;;136052057;https://images.prom.ua/6167721408_kalij.jpg
81160401;Кремний;Кремній;;136052057;https://images.prom.ua/4071147999_kremnij.jpg
81160408;Кальций;Кальцій;;136052057;https://images.prom.ua/3890031416_kaltsij.jpg
81160413;Магний;Магний;;136052057;https://images.prom.ua/3890065475_magnij.jpg
81160414;Магний + B6;Магній + B6;;136052057;https://images.prom.ua/6061706249_magnij--b6.jpg
81160433;Медь;Мідь;;136052057;https://images.prom.ua/6167720341_med.jpg
81160436;Молибден;Молібден;;136052057;https://images.prom.ua/6167721640_molibden.jpg
81160440;Селен;Селен;;136052057;https://images.prom.ua/3890105288_selen.jpg
81160449;Хром;Хром;;136052057;https://images.prom.ua/3890125929_hrom.jpg
81160451;Цинк;Цинк;;136052057;https://images.prom.ua/3890172882_tsink.jpg
81160454;Комплексы микроэлементов;Комплекси мікроелементів;;136052057;https://images.prom.ua/6167723011_kompleksy-mikroelementov.jpg
81301324;Гиалуроновая кислота;Гіалуронова кислота;;136052335;https://images.prom.ua/2136827803_gialuronovaya-kislota.jpg
81301328;Коэнзим Q10 и Убихинол;Коензим Q10 і Убіхінол;;136052335;https://images.prom.ua/2136828209_koenzim-q10-i.jpg
81301337;Омега 3 (Рыбий жир);Омега-3 (Риб`ячий жир);;136052335;https://images.prom.ua/2136829836_omega-3-rybij.jpg
81301338;Омега 3-6-9 (комплексы);Омега 3-6-9 (комплекси);;81301337;https://images.prom.ua/3229540531_omega-3-6-9-kompleksy.jpg
81301363;Омега для вегетарианцев;Омега для вегетаріанців;;81301337;https://images.prom.ua/3229546945_omega-dlya-vegetariantsev.jpg
81301367;Кости и суставы;Бади для кісток та суглобів;;136052335;https://images.prom.ua/2136832009_kosti-i-sustavy.jpg
81301567;Комплексы для здоровья суставов;Комплекси для здоров'я суглобів;;81301367;https://images.prom.ua/3229550527_kompleksy-dlya-zdorovya.jpg
81301610;Комплексы для здоровья костей;Комплекси для здоров'я кісток;;81301367;https://images.prom.ua/3229553352_kompleksy-dlya-zdorovya.jpg
81301615;Глюкозамин и Хондроитин;Глюкозамін і Хондроїтин;;81301367;https://images.prom.ua/3229554733_glyukozamin-i-hondroitin.jpg
81301634;Акулий жир и хрящ;Акулячий жир і хрящ;;81301367;https://images.prom.ua/3229562840_akulij-zhir-i.jpg
81301939;Пищеварение;Травлення;;136052335;https://images.prom.ua/2136832054_pischevarenie.jpg
81302191;Комплексы для улучшения пищеварения;Комплекси для поліпшення травлення;;81301939;https://images.prom.ua/3229584609_kompleksy-dlya-uluchsheniya.jpg
81302196;Бетаин HCL (Триметилглицин);Бетаїн HCL (Триметилгліцин);;81301939;https://images.prom.ua/3229586128_betain-hcl-trimetilglitsin.jpg
81302205;Пробиотики;Пробіотики;;81301939;https://images.prom.ua/3229590626_probiotiki.jpg
81302209;Клетчатка;Клітковина;;81301939;https://images.prom.ua/3229587771_kletchatka.jpg
81302214;Ферменты и энзимы;Ферменти та ензими;;81301939;https://images.prom.ua/3229593695_fermenty-i-enzimy.jpg
81302218;БАДы для нормализации уровня сахара;БАДи для нормалізації рівня цукру;;81301939;https://images.prom.ua/3229597139_bady-dlya-normalizatsii.jpg
81302566;Комплексы детоксикации;Комплекси детоксикації;;113587347;https://images.prom.ua/3229603742_kompleksy-detoksikatsii.jpg
81302569;Силимарин (Расторопша);Силімарин (Розторопша);;113587347;https://images.prom.ua/3229606706_silimarin-rastoropsha.jpg
81302850;Сердце и сосуды;Серце та судини;;136052335;https://images.prom.ua/2136836773_serdtse-i-sosudy.jpg
81302854;Комплексы поддержки здоровья сердца и сосудов;Комплекси підтримки здоров'я серця й судин;;81302850;https://images.prom.ua/3229621872_kompleksy-podderzhki-zdorovya.jpg
81303507;Артериальное давление;Артеріальний тиск;;81302850;https://images.prom.ua/3229625778_arterialnoe-davlenie.jpg
81303512;Снижение уровня холестерина;Зниження рівня холестерину;;81302850;https://images.prom.ua/3229628796_snizhenie-urovnya-holesterina.jpg
81303514;Наттокиназа;Наттокиназа;;81302850;https://images.prom.ua/6061706371_nattokinaza.jpg
81303660;Иммунитет;Імунітет;;136052335;https://images.prom.ua/2136839254_immunitet.jpg
81303668;Комплексы для иммунитета;Комплекси для імунітету;;81303660;https://images.prom.ua/3229632942_kompleksy-dlya-immuniteta.jpg
81303670;Колострум;Колострум;;81303660;https://images.prom.ua/3229634716_kolostrum.jpg
81304097;Эхинацея;Ехінацея;;81303660;https://images.prom.ua/3229636644_ehinatseya.jpg
81304098;Витамин С;Вітамін С;;136052057;https://images.prom.ua/3229637940_vitamin-s.jpg
81304101;Чеснок;Часник;;81303660;https://images.prom.ua/6167722770_chesnok.jpg
81304107;Бузина;Бузина;;81303660;https://images.prom.ua/6167723140_buzina.jpg
81304145;Почки и мочеполовая система;Нирки та сечостатева система;;136052335;https://images.prom.ua/2136853117_pochki-i-mochepolovaya.jpg
81304146;Комплексы поддержки;Комплекси підтримки;;81304145;https://images.prom.ua/3229640366_kompleksy-podderzhki.jpg
81304148;Манноза;Маноза;;81304145;https://images.prom.ua/3229641645_mannoza.jpg
81304179;Клюква;Журавлина;;81304145;https://images.prom.ua/3229643034_klyukva.jpg
81304217;Память и работа мозга;Пам'ять і робота мозку;;136052335;https://images.prom.ua/2136849699_pamyat-i-rabota.jpg
81304218;Концентрация и внимание;Концентрація та увага;;81304217;https://images.prom.ua/3229645152_kontsentratsiya-i-vnimanie.jpg
81304220;Улучшение памяти;Поліпшення пам'яті;;81304217;https://images.prom.ua/3229646150_uluchshenie-pamyati.jpg
81304224;Против стресса;Проти стресу;;81304217;https://images.prom.ua/3229647518_protiv-stressa.jpg
81304230;Фосфолипиды;Фосфоліпіди;;81304217;https://images.prom.ua/3229650420_fosfolipidy.jpg
81304233;ДМАЭ;ДМАЕ;;81304217;https://images.prom.ua/3229651640_dmae.jpg
81304235;Гинкго Билоба;Гінкго Білоба;;81304217;https://images.prom.ua/3229654038_ginkgo-biloba.jpg
81304240;Зрение и здоровье глаз;Бади для зору і здоров'я очей;;136052335;https://images.prom.ua/2136855519_zrenie-i-zdorove.jpg
81304247;Комплексы защиты зрения;Комплекси захисту зору;;81304240;https://images.prom.ua/3229658235_kompleksy-zaschity-zreniya.jpg
81304331;Астаксантин;Астаксантин;;81304240;https://images.prom.ua/3229660582_astaksantin.jpg
81304333;Улучшение сна;Поліпшення сну;;136052335;https://images.prom.ua/2136859390_uluchshenie-sna.jpg
81304336;Комплексы для улучшения сна;Комплекси для поліпшення сну;;81304333;https://images.prom.ua/3229663863_kompleksy-dlya-uluchsheniya.jpg
81304512;Здоровье щитовидной железы;Бади для щитовидної залози;;136052335;https://images.prom.ua/2136860971_zdorove-schitovidnoj-zhelezy.jpg
81304525;Кожа, волосы, ногти;Шкіра, волосся, нігті;;136052335;https://images.prom.ua/3229537410_kozha-volosy-nogti.jpg
81304531;Комплексы для волос, ногтей и кожи;Комплекси для волосся, нігтів і шкіри;;81304525;https://images.prom.ua/3229666302_kompleksy-dlya-volos.jpg
81304538;Коллаген;Колаген;;136052057;https://images.prom.ua/3229668133_kollagen.jpg
81304583;Биотин;Біотин;;81150100;https://images.prom.ua/3229672314_biotin.jpg
81304983;Антиоксиданты;Антиоксиданти;;136052335;https://images.prom.ua/2136877472_antioksidanty.jpg
81304990;Альфа Липоевая кислота;Альфа Ліпоєва кислота;;81304983;https://images.prom.ua/3229674570_alfa-lipoevaya-kislota.jpg
81305806;Глутатион;Глутатіон;;81304983;https://images.prom.ua/3229680458_glutation.jpg
81305826;Индол-3-карбинол;Індол-3-карбінол;;81304983;https://images.prom.ua/6167724325_indol-3-karbinol.jpg
81305963;N-ацетилцистеин;N-ацетилцистеїн;;81304983;https://images.prom.ua/3229683588_n-atsetiltsistein.jpg
81306097;Кверцетин;Кверцетин;;81304983;https://images.prom.ua/3229687101_kvertsetin.jpg
81306188;Пирролохинолинхинон (PQQ);Пирролохинолинхинон (PQQ);;81304983;https://images.prom.ua/6167724404_pirrolohinolinhinon-pqq.jpg
81306192;Рутин;Рутин;;81304983;https://images.prom.ua/3229692532_rutin.jpg
81306460;Профилактика;Профілактика;;136052335;https://images.prom.ua/2136908267_profilaktika.jpg
81306652;Аллергия;Алергія;;81306460;https://images.prom.ua/6167723678_allergiya.jpg
81306658;Кандидоз, молочница;Кандидоз, молочниця;;81306460;https://images.prom.ua/3229694931_kandidoz-molochnitsa.jpg
81306727;Простуда, грипп, ОРВИ;Простий, грип, ГРВІ;;81306460;https://images.prom.ua/3229702910_prostuda-gripp-orvi.jpg
81306770;Продукты пчеловодства;Продукти бджільництва;;136052335;https://images.prom.ua/2136919030_produkty-pchelovodstva.jpg
81306789;Суперфуды;Суперфуди;;136052335;https://images.prom.ua/2136947939_superfudy.jpg
81306794;Спирулина;Спіруліна;;81306789;https://images.prom.ua/3229708714_spirulina.jpg
81306795;Ламинария;Ламінарія;;81306789;https://images.prom.ua/6167723868_laminariya.jpg
81306855;Хлорелла;Хлорела;;81306789;https://images.prom.ua/3229710673_hlorella.jpg
81307798;Масла;Масла;;136054110;https://images.prom.ua/2133856381_masla.jpg
81510477;Уход за кожей вокруг глаз;Догляд за шкірою навколо очей;;72958748;https://images.prom.ua/2134605544_uhod-za-kozhej.jpg
81510820;Сыворотка для лица;Сироватка для обличчя;;72958748;https://images.prom.ua/3229074339_syvorotka-dlya-litsa.jpg
81510839;Крем для лица;Крем для обличчя;;72958748;https://images.prom.ua/3229077264_krem-dlya-litsa.jpg
81511592;Тоник для лица;Тонік для обличчя;;72958748;https://images.prom.ua/3229096216_tonik-dlya-litsa.jpg
81511596;Маска для лица;Маска для обличчя;;72958748;https://images.prom.ua/3229099624_maska-dlya-litsa.jpg
82051787;Комплексы поддержки печени;Комплекси підтримки печінки;;113587347;https://images.prom.ua/3229599848_kompleksy-podderzhki-pecheni.jpg
82092058;Гель для лица;Гель для обличчя;;72958748;https://images.prom.ua/3229108188_gel-dlya-litsa.jpg
82092059;Пилинг и скраб для лица;Пілінг і скраб для обличчя;;72958748;https://images.prom.ua/3229109752_piling-i-skrab.jpg
82092063;Средства для снятия макияжа;Засоби для зняття макіяжу;;72958748;https://images.prom.ua/3229114705_sredstva-dlya-snyatiya.jpg
82092076;Шампунь для волос;Шампунь для волосся;;72958753;https://images.prom.ua/3229119054_shampun-dlya-volos.jpg
82092195;Косметические наборы;Косметичні набори;;72958754;https://images.prom.ua/3229350846_kosmeticheskie-nabory.jpg
82092225;Крем для тела;Крем для тіла;;72958756;https://images.prom.ua/3229157941_krem-dlya-tela.jpg
82092316;Масло для тела;Олія для тіла;;72958756;https://images.prom.ua/3229161146_maslo-dlya-tela.jpg
82321360;Масло для волос;Олія для волосся;;72958753;https://images.prom.ua/3229130705_maslo-dlya-volos.jpg
82321372;Кондиционер для волос;Кондиціонер для волосся;;72958753;https://images.prom.ua/3229137023_konditsioner-dlya-volos.jpg
82321377;Маска для волос;Маска для волосся;;72958753;https://images.prom.ua/3229141553_maska-dlya-volos.jpg
82321647;Спрей и блеск для волос;Спрей і блиск для волосся;;72958753;https://images.prom.ua/6167724206_sprej-i-blesk.jpg
82321664;Уход за ногами;Догляд за ногами;;72958756;https://images.prom.ua/3229152884_uhod-za-nogami.jpg
82321728;Лосьон и молочко для тела;Лосьйон для тіла та молочко для тіла;;72958756;https://images.prom.ua/3229170341_loson-i-molochko.jpg
82321756;Дезодоранты;Дезодоранти;;72958756;https://images.prom.ua/3229173438_dezodoranty.jpg
82321919;Средства от солнца и для загара;Засоби від сонця та для засмаги;;72958756;https://images.prom.ua/3229183631_sredstva-ot-solntsa.jpg
82411616;Тональный крем;Тональний крем;;113590269;https://images.prom.ua/3229329116_tonalnyj-krem.jpg
82411699;Основа для макияжа;Основа для макіяжу;;113590269;https://images.prom.ua/6167723789_osnova-dlya-makiyazha.jpg
82412579;Бальзам для губ;Бальзам для губ;;113590279;https://images.prom.ua/3229334021_balzam-dlya-gub.jpg
86108200;Антисептик для рук;Антисептик для рук;;136061701;https://images.prom.ua/3229369209_antiseptik-dlya-ruk.jpg
88509946;Сахарозаменители;Цукрозамінники;24754185;136054110;https://images.prom.ua/6167726632_saharozameniteli.jpg
104050699;Арахисовая паста;Арахісова паста;;81148530;https://images.prom.ua/3539632393_arahisovaya-pasta.jpg
104051090;Омега-3 для детей;Омега-3 для дітей;;81301337;https://images.prom.ua/3539683598_omega-3-dlya-detej.jpg
106661030;Коллаген 1 и 3 типа;Колаген 1 і 3 типу;;81304538;https://images.prom.ua/3886030708_kollagen-1-i.jpg
106661032;Коллаген 2 типа (для суставов);Колаген 2 типу (для суглобів);;81304538;https://images.prom.ua/3886033546_kollagen-2-tipa.jpg
109244230;Куркумин;Куркумін;;81301939;https://images.prom.ua/3885924092_kurkumin.jpg
109245072;Омега 3;Омега 3;;81301337;https://images.prom.ua/3885971560_omega-3.jpg
109246145;Морской (рыбный) коллаген, Marine/Fish Collagen;Морський (рибний) колаген, Marine/Fish Collagen;;81304538;https://images.prom.ua/3886037283_morskoj-rybnyj-kollagen.jpg
109246150;Витамины с коллагеном;Вітаміни з колагеном;;81304538;https://images.prom.ua/3886039002_vitaminy-s-kollagenom.jpg
109251156;Ресвератрол;Ресвератрол;;81304983;https://images.prom.ua/3886328100_resveratrol.jpg
109297834;Кальций, магний, цинк;Кальцій, магній, цинк;;81160408;https://images.prom.ua/3890036737_kaltsij-magnij-tsink.jpg
109302113;Глицин;Гліцин;;79064198;https://images.prom.ua/3890415469_glitsin.jpg
109302272;Лизин;Лизин;;79064198;https://images.prom.ua/3890447354_lizin.jpg
109302443;Таурин;Таурін;;75756682;https://images.prom.ua/3890471064_taurin.jpg
109302462;Тирозин;Тірозин;;79064198;https://images.prom.ua/3890482842_tirozin.jpg
111460362;Женское термобелье;Жіноча термобілизна;;136054312;https://images.prom.ua/4042366192_zhenskoe-termobele.jpg
111460364;Мужское термобелье;Чоловіча термобілизна;;136054312;https://images.prom.ua/4042516029_muzhskoe-termobele.jpg
111460366;Детское термобелье;Дитяча термобілизна;;136054312;
113587347;Печень и детоксикация;Печінка та детоксикація;;136052335;https://images.prom.ua/3229599848_pechen-i-detoksikatsiya.jpg
113590269;Макияж лица;Макіяж обличчя;;136052440;https://images.prom.ua/3229329116_makiyazh-litsa.jpg
113590279;Макияж для губ;Макіяж для губ;;136052440;https://images.prom.ua/3229334021_makiyazh-dlya-gub.jpg
113710757;Мини USB-лампы работающие от повербанка;Міні USB-лампи працюючі від повербанку;;136061701;https://images.prom.ua/4203831716_mini-usb-lampy-rabotayuschie.jpg
127013290;Средства для уборки;Засоби для прибирання;123293524;136061701;https://images.prom.ua/6167727985_sredstva-dlya-uborki.jpg
127013305;Мужская косметика;Чоловіча косметика;123289654;136052440;
127013306;Косметика уход для детей;Косметика догляд для дітей;123289653;136052440;
127013316;Крем и бальзам для тела и рук;Крем і бальзам для тіла та рук;123289667;136052683;
127013326;Тоник для лица;Тонік для обличчя;123289660;72958748;
128526316;Эфирные масла;Ефірні олії;;136052440;https://images.prom.ua/6167727460_efirnye-masla.jpg
128691153;Лютеин;Лютеїн;;81304240;https://images.prom.ua/6061707607_lyutein.jpg
129024541;Веганское спортивное питание;Веганське спортивне харчування;;136052686;
130794360;Берберин;Берберин;;81301939;https://images.prom.ua/4645428965_berberin.jpg
130794385;Хитозан;Хітозан;;136052361;https://images.prom.ua/6193423423_hitozan.jpg
130794460;Хлорофилл;Хлорофіл;;81306789;https://images.prom.ua/6167727301_hlorofill.jpg
130794500;Артишок;Артишок;;113587347;https://images.prom.ua/6192973806_artishok.jpg
130795215;Ашваганда;Ашваганда;;136052351;https://images.prom.ua/6167728464_ashvaganda.jpg
130795534;Кошачий коготь;Котячий кіготь;;136052351;https://images.prom.ua/6168704773_koshachij-kogot.jpg
130795540;Женьшень;Женьшень;;81304983;https://images.prom.ua/6167727634_zhenshen.jpg
130795781;Бета-глюканы;Бета-глюкани;;81303660;
130797698;Ликопин;Лікопін;;81304240;https://images.prom.ua/6193275966_likopin.jpg
130797999;ДГЭА;ДГЕА;;81304512;https://images.prom.ua/6167727810_dgea.jpg
130803610;Со Пальметто;Со Пальметто;;81149040;https://images.prom.ua/6061707475_so-palmetto.jpg
130829284;Инозитол В8;Інозитол В8;;81150100;https://images.prom.ua/6167728033_inozitol-v8.jpg
132918434;Протеин без лактозы;Протеїн без лактози;;75771810;https://images.prom.ua/6193161560_protein-bez-laktozy.jpg
136047878;SAMe (Аденозилметионин);SAMe (Аденозилметіонін);;81304217;
136052057;ВИТАМИНЫ И МИНЕРАЛЫ;ВІТАМІНИ ТА МІНЕРАЛИ;;;https://images.prom.ua/6167723011_vitaminy-i-mineraly.jpg
136052179;Стронций;Стронцій;;136052057;
136052183;Литий;Літій;;136052057;
136052185;Витамин P;Вітамін P;;136052057;
136052187;Серебро;Срібло;;136052057;
136052189;Марганец;Марганець;;136052057;
136052191;Ванадий;Ванадій;;136052057;
136052193;Витаминные капельницы;Вітамінні крапельниці;;136052057;
136052194;Сырые витамины;Сирі вітаміни;;136052057;
136052199;Витамины для всей семьи;Вітаміни для всієї родини;;136052057;
136052335;БАДЫ;БАДИ;;;https://images.prom.ua/2136827803_bady.jpg
136052347;Детокс добавки;Детокс добавки;;136052335;
136052351;Адаптогены;Адаптогени;;136052335;https://images.prom.ua/6167728464_adaptogeny.jpg
136052352;Йохимбе;Йохимбе;;136052335;
136052353;Грибы;Гриби;;136052335;
136052361;Бады для похудения и снижения аппетита;Бади для схуднення і зниження апетиту;;136052335;
136052429;Лецитин;Лецитин;;136052335;https://images.prom.ua/6168716931_letsitin.jpg
136052440;КОСМЕТИКА;КОСМЕТИКА;;;https://images.prom.ua/2134598536_kosmetika.jpg
136052647;Пептидная косметика;Пептидна косметика;;72958748;
136052650;Натуральная органическая косметика;Натуральна органічна косметика;;72958748;
136052671;Антивозрастная косметика;Антивікова косметика;;72958748;
136052673;Уход за губами;Догляд за губами;;72958756;
136052679;Аксессуары для красоты;Аксесуари для краси;;136052440;
136052683;Уход за руками и ногами;Догляд за руками та ногами;;136052440;
136052686;СПОРТИВНОЕ ПИТАНИЕ;СПОРТИВНЕ ХАРЧУВАННЯ;;;https://images.prom.ua/2136026578_sportivnoe-pitanie.jpg
136052690;Препараты для повышения тестостерона;Препарати для підвищення тестостерону;;136052686;https://images.prom.ua/3229521656_preparaty-dlya-povysheniya.jpg
136052692;Энергетики;Енергетики;;79065968;
136053821;АППЛИКАТОР КУЗНЕЦОВА;АПЛІКАТОР КУЗНЄЦОВА;;;https://images.prom.ua/4305198663_applikator-kuznetsova.jpg
136054110;ПРОДУКТЫ;ПРОДУКТИ;;;https://images.prom.ua/2133856381_produkty.jpg
136054312;ТЕРМОБЕЛЬЕ;ТЕРМОБІЛИЗНА;;;
136054370;Другие антиоксиданты;Інші антиоксиданти;;81304983;
136054371;Родиола;Родіола;;81304217;
136054373;Корица;Кориця;;81302218;
136054376;Корень одуванчика;Корінь кульбаби;;113587347;
136054379;Пикногенол;Пікногенол;;81304525;
136054380;Экстракт Бамбука;Екстракт Бамбука;;81304525;
136054382;Бакопа;Бакопа;;81304217;
136054387;Теанин;Теанін;;75756682;
136054391;Пантетин;Пантетін;;113587347;
136054392;Бромелайн;Бромелайн;;81301939;
136054727;Крушина;Крушина;;81301939;
136054990;B-50 комплексы;B-50 комплекси;;81150124;
136055003;B-100 комплексы;B-100 комплекси;;81150124;
136055018;Цитрусовые биофлавоноиды;Цитрусові біофлавоноїди;;81303660;
136055040;Гарциния;Гарцинія;;136052361;
136055046;Готу кола;Готу кола;;81304217;
136055050;Босвелия;Босвелія;;81301367;
136055059;Псиллиум;Псиліум;;81306789;
136055063;Ежовик;Їжовик;;136052353;
136055064;Чага;Чага;;136052353;
136055066;Шиитаке;Шиітаке;;136052353;
136055068;Майтаке;Майтаке;;136052353;
136055070;Рейши;Рейші;;136052353;
136055074;Кордицепс;Кордіцепс;;136052353;
136055976;Соли для ванн;Солі для ванн;;136052440;
136055988;Витамин D для новорожденных;Вітамін D для новонароджених;;81150201;
136058538;Мака;Мака;;81306789;
136058541;Другие водоросли;Інші водорості;;81306789;
136058551;Варикоз;Варикоз;;81306460;
136058557;Поликозанол;Полікозанол;;81304983;
136058564;Каротиноиды;Каротиноїди;;81304983;
136058566;Черника;Чорниця;;81304240;
136059367;Кофеин;Кофеїн;;136052692;
136059407;Изотоники;Ізотоніки;;81149986;
136059491;Хондроитин;Хондроїтин;;81301367;
136059495;Кре-Алкалин;Кре-Алкалін;;75757867;
136059502;Говяжий ;Яловичий;;75771810;
136059503;Комплексный протеин;Комплексний протеїн;;75771810;
136059504;Яичный протеин;Яєчний протеїн;;75771810;
136061701;ТОВАРЫ ДЛЯ ДОМА;ТОВАРИ ДЛЯ ДОМУ;;;https://images.prom.ua/3229369209_tovary-dlya-doma.jpg